<?xml version="1.0" encoding="UTF-8"?>
    <addon id="repository.kingyanmedia" name="Kingyan Media" version="1.0.2" provider-name="Kingyan">
        <requires>
            <import addon="xbmc.addon" version="12.0.0"/>
        </requires>
        <extension point="xbmc.addon.repository" name="Kingyan Media">
				<dir>
			<info compressed="false">https://raw.githubusercontent.com/jsergio123/zips/master/addons.xml</info>
			<checksum>https://raw.githubusercontent.com/jsergio123/zips/master/addons.xml.md5</checksum>
			<datadir zip="true">https://raw.githubusercontent.com/jsergio123/zips/master/</datadir>
				</dir>
				<dir>
			<info compressed="false">https://raw.githubusercontent.com/kingyanmedia/kingyanmedia.github.io/master/_repo/addons.xml</info>
			<checksum>https://raw.githubusercontent.com/kingyanmedia/kingyanmedia.github.io/master/_repo/addons.xml.md5</checksum>
			<datadir zip="true">https://raw.githubusercontent.com/kingyanmedia/kingyanmedia.github.io/master/_repo/</datadir>
				</dir>
        </extension>
        <extension point="xbmc.addon.metadata">
            <summary>Dramas, Series, Movies and Channels</summary>
            <description>Easier to install Add-ons from here.</description>
            <platform>all</platform>
    </extension>
</addon>