<?xml version="1.0" encoding="UTF-8" standalone="yes"?>
<addon id="plugin.video.livechannel"
       name="Live Channel"
       version="1.0.0"
       provider-name="Kingyan Media">
  <requires>
    <import addon="xbmc.python" version="2.1.0"/>
    <import addon="script.module.requests"/>
  </requires>
  <extension point="xbmc.python.pluginsource"
            library="default.py">
        <provides>video</provides>
  </extension>
  <extension point="xbmc.addon.metadata">
    <summary lang="en">Live Channels</summary>
    <language>en</language>
    <description lang="en">Some of the link is not working.. Will update once I get it..</description>
     <platform>all</platform>
  </extension>
</addon>
