<?xml version="1.0" encoding="UTF-8"?>
    <addon id="repository.kingyanmedia" name="Kingyan Media" version="1.0.0" provider-name="Kingyan">
        <requires>
            <import addon="xbmc.addon" version="12.0.0"/>
        </requires>
        <extension point="xbmc.addon.repository" name="Kingyan Media">
            <info compressed="false">https://kingyanmedia.github.io/_repo/addons.xml</info>
            <checksum>https://kingyanmedia.github.io/_repo/addons.xml.md5</checksum>
            <datadir zip="true">https://kingyanmedia.github.io/_repo/</datadir>
            <hashes>false</hashes>
        </extension>
        <extension point="xbmc.addon.metadata">
            <summary>Dramas, Series and Movies.</summary>
            <description>Is easier for you to install different addons here.</description>
            <platform>all</platform>
    </extension>
</addon>